Kommune,Alder,Kjønn,Landbakgrunn,Statistikkvariabel,År,Andel
Porsgrunn,15-74 år,Begge kjønn,Hele befolkningen,Sysselsatte i prosent av personer i alt i hver gruppe,2022,64.1
Porsgrunn,15-74 år,Begge kjønn,Hele befolkningen,Sysselsatte i prosent av personer i alt i hver gruppe,2023,64.4
Porsgrunn,15-74 år,Begge kjønn,Befolkningen eksklusive innvandrere,Sysselsatte i prosent av personer i alt i hver gruppe,2022,64.8
Porsgrunn,15-74 år,Begge kjønn,Befolkningen eksklusive innvandrere,Sysselsatte i prosent av personer i alt i hver gruppe,2023,65.4
Porsgrunn,15-74 år,Begge kjønn,Alle innvandrere,Sysselsatte i prosent av personer i alt i hver gruppe,2022,59.8
Porsgrunn,15-74 år,Begge kjønn,Alle innvandrere,Sysselsatte i prosent av personer i alt i hver gruppe,2023,59.7
Porsgrunn,15-74 år,Begge kjønn,"Norden utenom Norge, EU/EFTA,  Storbritannia, USA, Canada, Australia, New Zealand",Sysselsatte i prosent av personer i alt i hver gruppe,2022,72.3
Porsgrunn,15-74 år,Begge kjønn,"Norden utenom Norge, EU/EFTA,  Storbritannia, USA, Canada, Australia, New Zealand",Sysselsatte i prosent av personer i alt i hver gruppe,2023,73.4
Porsgrunn,15-74 år,Begge kjønn,"Europa utenom EU/EFTA og Storbritannia, Afrika, Asia, Amerika utenom USA og Canada, Oseania utenom Australia og NZ, polare områder",Sysselsatte i prosent av personer i alt i hver gruppe,2022,54.0
Porsgrunn,15-74 år,Begge kjønn,"Europa utenom EU/EFTA og Storbritannia, Afrika, Asia, Amerika utenom USA og Canada, Oseania utenom Australia og NZ, polare områder",Sysselsatte i prosent av personer i alt i hver gruppe,2023,53.3
Porsgrunn,15-74 år,Kvinner,Hele befolkningen,Sysselsatte i prosent av personer i alt i hver gruppe,2022,61.1
Porsgrunn,15-74 år,Kvinner,Hele befolkningen,Sysselsatte i prosent av personer i alt i hver gruppe,2023,61.4
Porsgrunn,15-74 år,Kvinner,Befolkningen eksklusive innvandrere,Sysselsatte i prosent av personer i alt i hver gruppe,2022,61.9
Porsgrunn,15-74 år,Kvinner,Befolkningen eksklusive innvandrere,Sysselsatte i prosent av personer i alt i hver gruppe,2023,62.4
Porsgrunn,15-74 år,Kvinner,Alle innvandrere,Sysselsatte i prosent av personer i alt i hver gruppe,2022,56.7
Porsgrunn,15-74 år,Kvinner,Alle innvandrere,Sysselsatte i prosent av personer i alt i hver gruppe,2023,56.2
Porsgrunn,15-74 år,Kvinner,"Norden utenom Norge, EU/EFTA,  Storbritannia, USA, Canada, Australia, New Zealand",Sysselsatte i prosent av personer i alt i hver gruppe,2022,69.1
Porsgrunn,15-74 år,Kvinner,"Norden utenom Norge, EU/EFTA,  Storbritannia, USA, Canada, Australia, New Zealand",Sysselsatte i prosent av personer i alt i hver gruppe,2023,69.1
Porsgrunn,15-74 år,Kvinner,"Europa utenom EU/EFTA og Storbritannia, Afrika, Asia, Amerika utenom USA og Canada, Oseania utenom Australia og NZ, polare områder",Sysselsatte i prosent av personer i alt i hver gruppe,2022,52.2
Porsgrunn,15-74 år,Kvinner,"Europa utenom EU/EFTA og Storbritannia, Afrika, Asia, Amerika utenom USA og Canada, Oseania utenom Australia og NZ, polare områder",Sysselsatte i prosent av personer i alt i hver gruppe,2023,51.6
Porsgrunn,15-74 år,Menn,Hele befolkningen,Sysselsatte i prosent av personer i alt i hver gruppe,2022,67.0
Porsgrunn,15-74 år,Menn,Hele befolkningen,Sysselsatte i prosent av personer i alt i hver gruppe,2023,67.4
Porsgrunn,15-74 år,Menn,Befolkningen eksklusive innvandrere,Sysselsatte i prosent av personer i alt i hver gruppe,2022,67.8
Porsgrunn,15-74 år,Menn,Befolkningen eksklusive innvandrere,Sysselsatte i prosent av personer i alt i hver gruppe,2023,68.3
Porsgrunn,15-74 år,Menn,Alle innvandrere,Sysselsatte i prosent av personer i alt i hver gruppe,2022,62.9
Porsgrunn,15-74 år,Menn,Alle innvandrere,Sysselsatte i prosent av personer i alt i hver gruppe,2023,62.9
Porsgrunn,15-74 år,Menn,"Norden utenom Norge, EU/EFTA,  Storbritannia, USA, Canada, Australia, New Zealand",Sysselsatte i prosent av personer i alt i hver gruppe,2022,74.5
Porsgrunn,15-74 år,Menn,"Norden utenom Norge, EU/EFTA,  Storbritannia, USA, Canada, Australia, New Zealand",Sysselsatte i prosent av personer i alt i hver gruppe,2023,76.3
Porsgrunn,15-74 år,Menn,"Europa utenom EU/EFTA og Storbritannia, Afrika, Asia, Amerika utenom USA og Canada, Oseania utenom Australia og NZ, polare områder",Sysselsatte i prosent av personer i alt i hver gruppe,2022,56.1
Porsgrunn,15-74 år,Menn,"Europa utenom EU/EFTA og Storbritannia, Afrika, Asia, Amerika utenom USA og Canada, Oseania utenom Australia og NZ, polare områder",Sysselsatte i prosent av personer i alt i hver gruppe,2023,55.2
Skien,15-74 år,Begge kjønn,Hele befolkningen,Sysselsatte i prosent av personer i alt i hver gruppe,2022,63.9
Skien,15-74 år,Begge kjønn,Hele befolkningen,Sysselsatte i prosent av personer i alt i hver gruppe,2023,64.0
Skien,15-74 år,Begge kjønn,Befolkningen eksklusive innvandrere,Sysselsatte i prosent av personer i alt i hver gruppe,2022,64.8
Skien,15-74 år,Begge kjønn,Befolkningen eksklusive innvandrere,Sysselsatte i prosent av personer i alt i hver gruppe,2023,65.4
Skien,15-74 år,Begge kjønn,Alle innvandrere,Sysselsatte i prosent av personer i alt i hver gruppe,2022,59.6
Skien,15-74 år,Begge kjønn,Alle innvandrere,Sysselsatte i prosent av personer i alt i hver gruppe,2023,58.0
Skien,15-74 år,Begge kjønn,"Norden utenom Norge, EU/EFTA,  Storbritannia, USA, Canada, Australia, New Zealand",Sysselsatte i prosent av personer i alt i hver gruppe,2022,70.3
Skien,15-74 år,Begge kjønn,"Norden utenom Norge, EU/EFTA,  Storbritannia, USA, Canada, Australia, New Zealand",Sysselsatte i prosent av personer i alt i hver gruppe,2023,70.1
Skien,15-74 år,Begge kjønn,"Europa utenom EU/EFTA og Storbritannia, Afrika, Asia, Amerika utenom USA og Canada, Oseania utenom Australia og NZ, polare områder",Sysselsatte i prosent av personer i alt i hver gruppe,2022,54.4
Skien,15-74 år,Begge kjønn,"Europa utenom EU/EFTA og Storbritannia, Afrika, Asia, Amerika utenom USA og Canada, Oseania utenom Australia og NZ, polare områder",Sysselsatte i prosent av personer i alt i hver gruppe,2023,52.4
Skien,15-74 år,Kvinner,Hele befolkningen,Sysselsatte i prosent av personer i alt i hver gruppe,2022,61.4
Skien,15-74 år,Kvinner,Hele befolkningen,Sysselsatte i prosent av personer i alt i hver gruppe,2023,61.4
Skien,15-74 år,Kvinner,Befolkningen eksklusive innvandrere,Sysselsatte i prosent av personer i alt i hver gruppe,2022,62.4
Skien,15-74 år,Kvinner,Befolkningen eksklusive innvandrere,Sysselsatte i prosent av personer i alt i hver gruppe,2023,62.8
Skien,15-74 år,Kvinner,Alle innvandrere,Sysselsatte i prosent av personer i alt i hver gruppe,2022,56.7
Skien,15-74 år,Kvinner,Alle innvandrere,Sysselsatte i prosent av personer i alt i hver gruppe,2023,55.8
Skien,15-74 år,Kvinner,"Norden utenom Norge, EU/EFTA,  Storbritannia, USA, Canada, Australia, New Zealand",Sysselsatte i prosent av personer i alt i hver gruppe,2022,68.8
Skien,15-74 år,Kvinner,"Norden utenom Norge, EU/EFTA,  Storbritannia, USA, Canada, Australia, New Zealand",Sysselsatte i prosent av personer i alt i hver gruppe,2023,68.6
Skien,15-74 år,Kvinner,"Europa utenom EU/EFTA og Storbritannia, Afrika, Asia, Amerika utenom USA og Canada, Oseania utenom Australia og NZ, polare områder",Sysselsatte i prosent av personer i alt i hver gruppe,2022,51.9
Skien,15-74 år,Kvinner,"Europa utenom EU/EFTA og Storbritannia, Afrika, Asia, Amerika utenom USA og Canada, Oseania utenom Australia og NZ, polare områder",Sysselsatte i prosent av personer i alt i hver gruppe,2023,50.9
Skien,15-74 år,Menn,Hele befolkningen,Sysselsatte i prosent av personer i alt i hver gruppe,2022,66.4
Skien,15-74 år,Menn,Hele befolkningen,Sysselsatte i prosent av personer i alt i hver gruppe,2023,66.5
Skien,15-74 år,Menn,Befolkningen eksklusive innvandrere,Sysselsatte i prosent av personer i alt i hver gruppe,2022,67.2
Skien,15-74 år,Menn,Befolkningen eksklusive innvandrere,Sysselsatte i prosent av personer i alt i hver gruppe,2023,68.0
Skien,15-74 år,Menn,Alle innvandrere,Sysselsatte i prosent av personer i alt i hver gruppe,2022,62.6
Skien,15-74 år,Menn,Alle innvandrere,Sysselsatte i prosent av personer i alt i hver gruppe,2023,60.2
Skien,15-74 år,Menn,"Norden utenom Norge, EU/EFTA,  Storbritannia, USA, Canada, Australia, New Zealand",Sysselsatte i prosent av personer i alt i hver gruppe,2022,71.5
Skien,15-74 år,Menn,"Norden utenom Norge, EU/EFTA,  Storbritannia, USA, Canada, Australia, New Zealand",Sysselsatte i prosent av personer i alt i hver gruppe,2023,71.2
Skien,15-74 år,Menn,"Europa utenom EU/EFTA og Storbritannia, Afrika, Asia, Amerika utenom USA og Canada, Oseania utenom Australia og NZ, polare områder",Sysselsatte i prosent av personer i alt i hver gruppe,2022,57.4
Skien,15-74 år,Menn,"Europa utenom EU/EFTA og Storbritannia, Afrika, Asia, Amerika utenom USA og Canada, Oseania utenom Australia og NZ, polare områder",Sysselsatte i prosent av personer i alt i hver gruppe,2023,54.2
Notodden,15-74 år,Begge kjønn,Hele befolkningen,Sysselsatte i prosent av personer i alt i hver gruppe,2022,64.0
Notodden,15-74 år,Begge kjønn,Hele befolkningen,Sysselsatte i prosent av personer i alt i hver gruppe,2023,63.9
Notodden,15-74 år,Begge kjønn,Befolkningen eksklusive innvandrere,Sysselsatte i prosent av personer i alt i hver gruppe,2022,64.3
Notodden,15-74 år,Begge kjønn,Befolkningen eksklusive innvandrere,Sysselsatte i prosent av personer i alt i hver gruppe,2023,64.7
Notodden,15-74 år,Begge kjønn,Alle innvandrere,Sysselsatte i prosent av personer i alt i hver gruppe,2022,62.0
Notodden,15-74 år,Begge kjønn,Alle innvandrere,Sysselsatte i prosent av personer i alt i hver gruppe,2023,59.2
Notodden,15-74 år,Begge kjønn,"Norden utenom Norge, EU/EFTA,  Storbritannia, USA, Canada, Australia, New Zealand",Sysselsatte i prosent av personer i alt i hver gruppe,2022,67.8
Notodden,15-74 år,Begge kjønn,"Norden utenom Norge, EU/EFTA,  Storbritannia, USA, Canada, Australia, New Zealand",Sysselsatte i prosent av personer i alt i hver gruppe,2023,71.5
Notodden,15-74 år,Begge kjønn,"Europa utenom EU/EFTA og Storbritannia, Afrika, Asia, Amerika utenom USA og Canada, Oseania utenom Australia og NZ, polare områder",Sysselsatte i prosent av personer i alt i hver gruppe,2022,57.5
Notodden,15-74 år,Begge kjønn,"Europa utenom EU/EFTA og Storbritannia, Afrika, Asia, Amerika utenom USA og Canada, Oseania utenom Australia og NZ, polare områder",Sysselsatte i prosent av personer i alt i hver gruppe,2023,51.6
Notodden,15-74 år,Kvinner,Hele befolkningen,Sysselsatte i prosent av personer i alt i hver gruppe,2022,61.4
Notodden,15-74 år,Kvinner,Hele befolkningen,Sysselsatte i prosent av personer i alt i hver gruppe,2023,61.3
Notodden,15-74 år,Kvinner,Befolkningen eksklusive innvandrere,Sysselsatte i prosent av personer i alt i hver gruppe,2022,61.7
Notodden,15-74 år,Kvinner,Befolkningen eksklusive innvandrere,Sysselsatte i prosent av personer i alt i hver gruppe,2023,62.0
Notodden,15-74 år,Kvinner,Alle innvandrere,Sysselsatte i prosent av personer i alt i hver gruppe,2022,59.6
Notodden,15-74 år,Kvinner,Alle innvandrere,Sysselsatte i prosent av personer i alt i hver gruppe,2023,58.0
Notodden,15-74 år,Kvinner,"Norden utenom Norge, EU/EFTA,  Storbritannia, USA, Canada, Australia, New Zealand",Sysselsatte i prosent av personer i alt i hver gruppe,2022,64.8
Notodden,15-74 år,Kvinner,"Norden utenom Norge, EU/EFTA,  Storbritannia, USA, Canada, Australia, New Zealand",Sysselsatte i prosent av personer i alt i hver gruppe,2023,72.7
Notodden,15-74 år,Kvinner,"Europa utenom EU/EFTA og Storbritannia, Afrika, Asia, Amerika utenom USA og Canada, Oseania utenom Australia og NZ, polare områder",Sysselsatte i prosent av personer i alt i hver gruppe,2022,56.4
Notodden,15-74 år,Kvinner,"Europa utenom EU/EFTA og Storbritannia, Afrika, Asia, Amerika utenom USA og Canada, Oseania utenom Australia og NZ, polare områder",Sysselsatte i prosent av personer i alt i hver gruppe,2023,51.0
Notodden,15-74 år,Menn,Hele befolkningen,Sysselsatte i prosent av personer i alt i hver gruppe,2022,66.5
Notodden,15-74 år,Menn,Hele befolkningen,Sysselsatte i prosent av personer i alt i hver gruppe,2023,66.3
Notodden,15-74 år,Menn,Befolkningen eksklusive innvandrere,Sysselsatte i prosent av personer i alt i hver gruppe,2022,66.8
Notodden,15-74 år,Menn,Befolkningen eksklusive innvandrere,Sysselsatte i prosent av personer i alt i hver gruppe,2023,67.3
Notodden,15-74 år,Menn,Alle innvandrere,Sysselsatte i prosent av personer i alt i hver gruppe,2022,64.5
Notodden,15-74 år,Menn,Alle innvandrere,Sysselsatte i prosent av personer i alt i hver gruppe,2023,60.5
Notodden,15-74 år,Menn,"Norden utenom Norge, EU/EFTA,  Storbritannia, USA, Canada, Australia, New Zealand",Sysselsatte i prosent av personer i alt i hver gruppe,2022,70.2
Notodden,15-74 år,Menn,"Norden utenom Norge, EU/EFTA,  Storbritannia, USA, Canada, Australia, New Zealand",Sysselsatte i prosent av personer i alt i hver gruppe,2023,70.6
Notodden,15-74 år,Menn,"Europa utenom EU/EFTA og Storbritannia, Afrika, Asia, Amerika utenom USA og Canada, Oseania utenom Australia og NZ, polare områder",Sysselsatte i prosent av personer i alt i hver gruppe,2022,59.0
Notodden,15-74 år,Menn,"Europa utenom EU/EFTA og Storbritannia, Afrika, Asia, Amerika utenom USA og Canada, Oseania utenom Australia og NZ, polare områder",Sysselsatte i prosent av personer i alt i hver gruppe,2023,52.3
Siljan,15-74 år,Begge kjønn,Hele befolkningen,Sysselsatte i prosent av personer i alt i hver gruppe,2022,69.0
Siljan,15-74 år,Begge kjønn,Hele befolkningen,Sysselsatte i prosent av personer i alt i hver gruppe,2023,69.4
Siljan,15-74 år,Begge kjønn,Befolkningen eksklusive innvandrere,Sysselsatte i prosent av personer i alt i hver gruppe,2022,69.1
Siljan,15-74 år,Begge kjønn,Befolkningen eksklusive innvandrere,Sysselsatte i prosent av personer i alt i hver gruppe,2023,69.7
Siljan,15-74 år,Begge kjønn,Alle innvandrere,Sysselsatte i prosent av personer i alt i hver gruppe,2022,67.3
Siljan,15-74 år,Begge kjønn,Alle innvandrere,Sysselsatte i prosent av personer i alt i hver gruppe,2023,66.5
Siljan,15-74 år,Begge kjønn,"Norden utenom Norge, EU/EFTA,  Storbritannia, USA, Canada, Australia, New Zealand",Sysselsatte i prosent av personer i alt i hver gruppe,2022,74.6
Siljan,15-74 år,Begge kjønn,"Norden utenom Norge, EU/EFTA,  Storbritannia, USA, Canada, Australia, New Zealand",Sysselsatte i prosent av personer i alt i hver gruppe,2023,67.1
Siljan,15-74 år,Begge kjønn,"Europa utenom EU/EFTA og Storbritannia, Afrika, Asia, Amerika utenom USA og Canada, Oseania utenom Australia og NZ, polare områder",Sysselsatte i prosent av personer i alt i hver gruppe,2022,61.4
Siljan,15-74 år,Begge kjønn,"Europa utenom EU/EFTA og Storbritannia, Afrika, Asia, Amerika utenom USA og Canada, Oseania utenom Australia og NZ, polare områder",Sysselsatte i prosent av personer i alt i hver gruppe,2023,66.0
Siljan,15-74 år,Kvinner,Hele befolkningen,Sysselsatte i prosent av personer i alt i hver gruppe,2022,65.3
Siljan,15-74 år,Kvinner,Hele befolkningen,Sysselsatte i prosent av personer i alt i hver gruppe,2023,65.4
Siljan,15-74 år,Kvinner,Befolkningen eksklusive innvandrere,Sysselsatte i prosent av personer i alt i hver gruppe,2022,64.8
Siljan,15-74 år,Kvinner,Befolkningen eksklusive innvandrere,Sysselsatte i prosent av personer i alt i hver gruppe,2023,65.0
Siljan,15-74 år,Kvinner,Alle innvandrere,Sysselsatte i prosent av personer i alt i hver gruppe,2022,69.4
Siljan,15-74 år,Kvinner,Alle innvandrere,Sysselsatte i prosent av personer i alt i hver gruppe,2023,68.8
Siljan,15-74 år,Kvinner,"Norden utenom Norge, EU/EFTA,  Storbritannia, USA, Canada, Australia, New Zealand",Sysselsatte i prosent av personer i alt i hver gruppe,2022,78.8
Siljan,15-74 år,Kvinner,"Norden utenom Norge, EU/EFTA,  Storbritannia, USA, Canada, Australia, New Zealand",Sysselsatte i prosent av personer i alt i hver gruppe,2023,66.7
Siljan,15-74 år,Kvinner,"Europa utenom EU/EFTA og Storbritannia, Afrika, Asia, Amerika utenom USA og Canada, Oseania utenom Australia og NZ, polare områder",Sysselsatte i prosent av personer i alt i hver gruppe,2022,63.5
Siljan,15-74 år,Kvinner,"Europa utenom EU/EFTA og Storbritannia, Afrika, Asia, Amerika utenom USA og Canada, Oseania utenom Australia og NZ, polare områder",Sysselsatte i prosent av personer i alt i hver gruppe,2023,70.0
Siljan,15-74 år,Menn,Hele befolkningen,Sysselsatte i prosent av personer i alt i hver gruppe,2022,72.4
Siljan,15-74 år,Menn,Hele befolkningen,Sysselsatte i prosent av personer i alt i hver gruppe,2023,73.0
Siljan,15-74 år,Menn,Befolkningen eksklusive innvandrere,Sysselsatte i prosent av personer i alt i hver gruppe,2022,73.0
Siljan,15-74 år,Menn,Befolkningen eksklusive innvandrere,Sysselsatte i prosent av personer i alt i hver gruppe,2023,73.9
Siljan,15-74 år,Menn,Alle innvandrere,Sysselsatte i prosent av personer i alt i hver gruppe,2022,64.6
Siljan,15-74 år,Menn,Alle innvandrere,Sysselsatte i prosent av personer i alt i hver gruppe,2023,63.4
Siljan,15-74 år,Menn,"Norden utenom Norge, EU/EFTA,  Storbritannia, USA, Canada, Australia, New Zealand",Sysselsatte i prosent av personer i alt i hver gruppe,2022,70.6
Siljan,15-74 år,Menn,"Norden utenom Norge, EU/EFTA,  Storbritannia, USA, Canada, Australia, New Zealand",Sysselsatte i prosent av personer i alt i hver gruppe,2023,67.6
Siljan,15-74 år,Menn,"Europa utenom EU/EFTA og Storbritannia, Afrika, Asia, Amerika utenom USA og Canada, Oseania utenom Australia og NZ, polare områder",Sysselsatte i prosent av personer i alt i hver gruppe,2022,58.1
Siljan,15-74 år,Menn,"Europa utenom EU/EFTA og Storbritannia, Afrika, Asia, Amerika utenom USA og Canada, Oseania utenom Australia og NZ, polare områder",Sysselsatte i prosent av personer i alt i hver gruppe,2023,58.8
Bamble,15-74 år,Begge kjønn,Hele befolkningen,Sysselsatte i prosent av personer i alt i hver gruppe,2022,63.8
Bamble,15-74 år,Begge kjønn,Hele befolkningen,Sysselsatte i prosent av personer i alt i hver gruppe,2023,63.7
Bamble,15-74 år,Begge kjønn,Befolkningen eksklusive innvandrere,Sysselsatte i prosent av personer i alt i hver gruppe,2022,64.2
Bamble,15-74 år,Begge kjønn,Befolkningen eksklusive innvandrere,Sysselsatte i prosent av personer i alt i hver gruppe,2023,64.4
Bamble,15-74 år,Begge kjønn,Alle innvandrere,Sysselsatte i prosent av personer i alt i hver gruppe,2022,60.0
Bamble,15-74 år,Begge kjønn,Alle innvandrere,Sysselsatte i prosent av personer i alt i hver gruppe,2023,58.0
Bamble,15-74 år,Begge kjønn,"Norden utenom Norge, EU/EFTA,  Storbritannia, USA, Canada, Australia, New Zealand",Sysselsatte i prosent av personer i alt i hver gruppe,2022,69.9
Bamble,15-74 år,Begge kjønn,"Norden utenom Norge, EU/EFTA,  Storbritannia, USA, Canada, Australia, New Zealand",Sysselsatte i prosent av personer i alt i hver gruppe,2023,68.3
Bamble,15-74 år,Begge kjønn,"Europa utenom EU/EFTA og Storbritannia, Afrika, Asia, Amerika utenom USA og Canada, Oseania utenom Australia og NZ, polare områder",Sysselsatte i prosent av personer i alt i hver gruppe,2022,53.9
Bamble,15-74 år,Begge kjønn,"Europa utenom EU/EFTA og Storbritannia, Afrika, Asia, Amerika utenom USA og Canada, Oseania utenom Australia og NZ, polare områder",Sysselsatte i prosent av personer i alt i hver gruppe,2023,52.0
Bamble,15-74 år,Kvinner,Hele befolkningen,Sysselsatte i prosent av personer i alt i hver gruppe,2022,59.9
Bamble,15-74 år,Kvinner,Hele befolkningen,Sysselsatte i prosent av personer i alt i hver gruppe,2023,59.7
Bamble,15-74 år,Kvinner,Befolkningen eksklusive innvandrere,Sysselsatte i prosent av personer i alt i hver gruppe,2022,60.4
Bamble,15-74 år,Kvinner,Befolkningen eksklusive innvandrere,Sysselsatte i prosent av personer i alt i hver gruppe,2023,60.7
Bamble,15-74 år,Kvinner,Alle innvandrere,Sysselsatte i prosent av personer i alt i hver gruppe,2022,56.0
Bamble,15-74 år,Kvinner,Alle innvandrere,Sysselsatte i prosent av personer i alt i hver gruppe,2023,52.9
Bamble,15-74 år,Kvinner,"Norden utenom Norge, EU/EFTA,  Storbritannia, USA, Canada, Australia, New Zealand",Sysselsatte i prosent av personer i alt i hver gruppe,2022,70.4
Bamble,15-74 år,Kvinner,"Norden utenom Norge, EU/EFTA,  Storbritannia, USA, Canada, Australia, New Zealand",Sysselsatte i prosent av personer i alt i hver gruppe,2023,65.6
Bamble,15-74 år,Kvinner,"Europa utenom EU/EFTA og Storbritannia, Afrika, Asia, Amerika utenom USA og Canada, Oseania utenom Australia og NZ, polare områder",Sysselsatte i prosent av personer i alt i hver gruppe,2022,49.2
Bamble,15-74 år,Kvinner,"Europa utenom EU/EFTA og Storbritannia, Afrika, Asia, Amerika utenom USA og Canada, Oseania utenom Australia og NZ, polare områder",Sysselsatte i prosent av personer i alt i hver gruppe,2023,47.4
Bamble,15-74 år,Menn,Hele befolkningen,Sysselsatte i prosent av personer i alt i hver gruppe,2022,67.6
Bamble,15-74 år,Menn,Hele befolkningen,Sysselsatte i prosent av personer i alt i hver gruppe,2023,67.6
Bamble,15-74 år,Menn,Befolkningen eksklusive innvandrere,Sysselsatte i prosent av personer i alt i hver gruppe,2022,67.9
Bamble,15-74 år,Menn,Befolkningen eksklusive innvandrere,Sysselsatte i prosent av personer i alt i hver gruppe,2023,68.0
Bamble,15-74 år,Menn,Alle innvandrere,Sysselsatte i prosent av personer i alt i hver gruppe,2022,64.4
Bamble,15-74 år,Menn,Alle innvandrere,Sysselsatte i prosent av personer i alt i hver gruppe,2023,63.7
Bamble,15-74 år,Menn,"Norden utenom Norge, EU/EFTA,  Storbritannia, USA, Canada, Australia, New Zealand",Sysselsatte i prosent av personer i alt i hver gruppe,2022,69.5
Bamble,15-74 år,Menn,"Norden utenom Norge, EU/EFTA,  Storbritannia, USA, Canada, Australia, New Zealand",Sysselsatte i prosent av personer i alt i hver gruppe,2023,70.5
Bamble,15-74 år,Menn,"Europa utenom EU/EFTA og Storbritannia, Afrika, Asia, Amerika utenom USA og Canada, Oseania utenom Australia og NZ, polare områder",Sysselsatte i prosent av personer i alt i hver gruppe,2022,60.3
Bamble,15-74 år,Menn,"Europa utenom EU/EFTA og Storbritannia, Afrika, Asia, Amerika utenom USA og Canada, Oseania utenom Australia og NZ, polare områder",Sysselsatte i prosent av personer i alt i hver gruppe,2023,58.5
Kragerø,15-74 år,Begge kjønn,Hele befolkningen,Sysselsatte i prosent av personer i alt i hver gruppe,2022,61.1
Kragerø,15-74 år,Begge kjønn,Hele befolkningen,Sysselsatte i prosent av personer i alt i hver gruppe,2023,61.4
Kragerø,15-74 år,Begge kjønn,Befolkningen eksklusive innvandrere,Sysselsatte i prosent av personer i alt i hver gruppe,2022,61.5
Kragerø,15-74 år,Begge kjønn,Befolkningen eksklusive innvandrere,Sysselsatte i prosent av personer i alt i hver gruppe,2023,62.2
Kragerø,15-74 år,Begge kjønn,Alle innvandrere,Sysselsatte i prosent av personer i alt i hver gruppe,2022,58.7
Kragerø,15-74 år,Begge kjønn,Alle innvandrere,Sysselsatte i prosent av personer i alt i hver gruppe,2023,56.6
Kragerø,15-74 år,Begge kjønn,"Norden utenom Norge, EU/EFTA,  Storbritannia, USA, Canada, Australia, New Zealand",Sysselsatte i prosent av personer i alt i hver gruppe,2022,67.8
Kragerø,15-74 år,Begge kjønn,"Norden utenom Norge, EU/EFTA,  Storbritannia, USA, Canada, Australia, New Zealand",Sysselsatte i prosent av personer i alt i hver gruppe,2023,65.7
Kragerø,15-74 år,Begge kjønn,"Europa utenom EU/EFTA og Storbritannia, Afrika, Asia, Amerika utenom USA og Canada, Oseania utenom Australia og NZ, polare områder",Sysselsatte i prosent av personer i alt i hver gruppe,2022,50.7
Kragerø,15-74 år,Begge kjønn,"Europa utenom EU/EFTA og Storbritannia, Afrika, Asia, Amerika utenom USA og Canada, Oseania utenom Australia og NZ, polare områder",Sysselsatte i prosent av personer i alt i hver gruppe,2023,49.4
Kragerø,15-74 år,Kvinner,Hele befolkningen,Sysselsatte i prosent av personer i alt i hver gruppe,2022,57.9
Kragerø,15-74 år,Kvinner,Hele befolkningen,Sysselsatte i prosent av personer i alt i hver gruppe,2023,58.3
Kragerø,15-74 år,Kvinner,Befolkningen eksklusive innvandrere,Sysselsatte i prosent av personer i alt i hver gruppe,2022,58.2
Kragerø,15-74 år,Kvinner,Befolkningen eksklusive innvandrere,Sysselsatte i prosent av personer i alt i hver gruppe,2023,58.9
Kragerø,15-74 år,Kvinner,Alle innvandrere,Sysselsatte i prosent av personer i alt i hver gruppe,2022,56.0
Kragerø,15-74 år,Kvinner,Alle innvandrere,Sysselsatte i prosent av personer i alt i hver gruppe,2023,54.5
Kragerø,15-74 år,Kvinner,"Norden utenom Norge, EU/EFTA,  Storbritannia, USA, Canada, Australia, New Zealand",Sysselsatte i prosent av personer i alt i hver gruppe,2022,62.9
Kragerø,15-74 år,Kvinner,"Norden utenom Norge, EU/EFTA,  Storbritannia, USA, Canada, Australia, New Zealand",Sysselsatte i prosent av personer i alt i hver gruppe,2023,64.3
Kragerø,15-74 år,Kvinner,"Europa utenom EU/EFTA og Storbritannia, Afrika, Asia, Amerika utenom USA og Canada, Oseania utenom Australia og NZ, polare områder",Sysselsatte i prosent av personer i alt i hver gruppe,2022,50.9
Kragerø,15-74 år,Kvinner,"Europa utenom EU/EFTA og Storbritannia, Afrika, Asia, Amerika utenom USA og Canada, Oseania utenom Australia og NZ, polare områder",Sysselsatte i prosent av personer i alt i hver gruppe,2023,48.6
Kragerø,15-74 år,Menn,Hele befolkningen,Sysselsatte i prosent av personer i alt i hver gruppe,2022,64.3
Kragerø,15-74 år,Menn,Hele befolkningen,Sysselsatte i prosent av personer i alt i hver gruppe,2023,64.6
Kragerø,15-74 år,Menn,Befolkningen eksklusive innvandrere,Sysselsatte i prosent av personer i alt i hver gruppe,2022,64.7
Kragerø,15-74 år,Menn,Befolkningen eksklusive innvandrere,Sysselsatte i prosent av personer i alt i hver gruppe,2023,65.6
Kragerø,15-74 år,Menn,Alle innvandrere,Sysselsatte i prosent av personer i alt i hver gruppe,2022,61.5
Kragerø,15-74 år,Menn,Alle innvandrere,Sysselsatte i prosent av personer i alt i hver gruppe,2023,58.8
Kragerø,15-74 år,Menn,"Norden utenom Norge, EU/EFTA,  Storbritannia, USA, Canada, Australia, New Zealand",Sysselsatte i prosent av personer i alt i hver gruppe,2022,71.9
Kragerø,15-74 år,Menn,"Norden utenom Norge, EU/EFTA,  Storbritannia, USA, Canada, Australia, New Zealand",Sysselsatte i prosent av personer i alt i hver gruppe,2023,66.8
Kragerø,15-74 år,Menn,"Europa utenom EU/EFTA og Storbritannia, Afrika, Asia, Amerika utenom USA og Canada, Oseania utenom Australia og NZ, polare områder",Sysselsatte i prosent av personer i alt i hver gruppe,2022,50.6
Kragerø,15-74 år,Menn,"Europa utenom EU/EFTA og Storbritannia, Afrika, Asia, Amerika utenom USA og Canada, Oseania utenom Australia og NZ, polare områder",Sysselsatte i prosent av personer i alt i hver gruppe,2023,50.6
Drangedal,15-74 år,Begge kjønn,Hele befolkningen,Sysselsatte i prosent av personer i alt i hver gruppe,2022,63.7
Drangedal,15-74 år,Begge kjønn,Hele befolkningen,Sysselsatte i prosent av personer i alt i hver gruppe,2023,64.1
Drangedal,15-74 år,Begge kjønn,Befolkningen eksklusive innvandrere,Sysselsatte i prosent av personer i alt i hver gruppe,2022,65.4
Drangedal,15-74 år,Begge kjønn,Befolkningen eksklusive innvandrere,Sysselsatte i prosent av personer i alt i hver gruppe,2023,66.1
Drangedal,15-74 år,Begge kjønn,Alle innvandrere,Sysselsatte i prosent av personer i alt i hver gruppe,2022,50.8
Drangedal,15-74 år,Begge kjønn,Alle innvandrere,Sysselsatte i prosent av personer i alt i hver gruppe,2023,50.8
Drangedal,15-74 år,Begge kjønn,"Norden utenom Norge, EU/EFTA,  Storbritannia, USA, Canada, Australia, New Zealand",Sysselsatte i prosent av personer i alt i hver gruppe,2022,64.1
Drangedal,15-74 år,Begge kjønn,"Norden utenom Norge, EU/EFTA,  Storbritannia, USA, Canada, Australia, New Zealand",Sysselsatte i prosent av personer i alt i hver gruppe,2023,73.7
Drangedal,15-74 år,Begge kjønn,"Europa utenom EU/EFTA og Storbritannia, Afrika, Asia, Amerika utenom USA og Canada, Oseania utenom Australia og NZ, polare områder",Sysselsatte i prosent av personer i alt i hver gruppe,2022,36.5
Drangedal,15-74 år,Begge kjønn,"Europa utenom EU/EFTA og Storbritannia, Afrika, Asia, Amerika utenom USA og Canada, Oseania utenom Australia og NZ, polare områder",Sysselsatte i prosent av personer i alt i hver gruppe,2023,32.3
Drangedal,15-74 år,Kvinner,Hele befolkningen,Sysselsatte i prosent av personer i alt i hver gruppe,2022,61.1
Drangedal,15-74 år,Kvinner,Hele befolkningen,Sysselsatte i prosent av personer i alt i hver gruppe,2023,60.9
Drangedal,15-74 år,Kvinner,Befolkningen eksklusive innvandrere,Sysselsatte i prosent av personer i alt i hver gruppe,2022,63.4
Drangedal,15-74 år,Kvinner,Befolkningen eksklusive innvandrere,Sysselsatte i prosent av personer i alt i hver gruppe,2023,63.2
Drangedal,15-74 år,Kvinner,Alle innvandrere,Sysselsatte i prosent av personer i alt i hver gruppe,2022,46.2
Drangedal,15-74 år,Kvinner,Alle innvandrere,Sysselsatte i prosent av personer i alt i hver gruppe,2023,47.9
Drangedal,15-74 år,Kvinner,"Norden utenom Norge, EU/EFTA,  Storbritannia, USA, Canada, Australia, New Zealand",Sysselsatte i prosent av personer i alt i hver gruppe,2022,57.6
Drangedal,15-74 år,Kvinner,"Norden utenom Norge, EU/EFTA,  Storbritannia, USA, Canada, Australia, New Zealand",Sysselsatte i prosent av personer i alt i hver gruppe,2023,67.4
Drangedal,15-74 år,Kvinner,"Europa utenom EU/EFTA og Storbritannia, Afrika, Asia, Amerika utenom USA og Canada, Oseania utenom Australia og NZ, polare områder",Sysselsatte i prosent av personer i alt i hver gruppe,2022,36.2
Drangedal,15-74 år,Kvinner,"Europa utenom EU/EFTA og Storbritannia, Afrika, Asia, Amerika utenom USA og Canada, Oseania utenom Australia og NZ, polare områder",Sysselsatte i prosent av personer i alt i hver gruppe,2023,34.6
Drangedal,15-74 år,Menn,Hele befolkningen,Sysselsatte i prosent av personer i alt i hver gruppe,2022,66.1
Drangedal,15-74 år,Menn,Hele befolkningen,Sysselsatte i prosent av personer i alt i hver gruppe,2023,67.2
Drangedal,15-74 år,Menn,Befolkningen eksklusive innvandrere,Sysselsatte i prosent av personer i alt i hver gruppe,2022,67.2
Drangedal,15-74 år,Menn,Befolkningen eksklusive innvandrere,Sysselsatte i prosent av personer i alt i hver gruppe,2023,68.8
Drangedal,15-74 år,Menn,Alle innvandrere,Sysselsatte i prosent av personer i alt i hver gruppe,2022,56.7
Drangedal,15-74 år,Menn,Alle innvandrere,Sysselsatte i prosent av personer i alt i hver gruppe,2023,54.3
Drangedal,15-74 år,Menn,"Norden utenom Norge, EU/EFTA,  Storbritannia, USA, Canada, Australia, New Zealand",Sysselsatte i prosent av personer i alt i hver gruppe,2022,70.7
Drangedal,15-74 år,Menn,"Norden utenom Norge, EU/EFTA,  Storbritannia, USA, Canada, Australia, New Zealand",Sysselsatte i prosent av personer i alt i hver gruppe,2023,80.2
Drangedal,15-74 år,Menn,"Europa utenom EU/EFTA og Storbritannia, Afrika, Asia, Amerika utenom USA og Canada, Oseania utenom Australia og NZ, polare områder",Sysselsatte i prosent av personer i alt i hver gruppe,2022,36.9
Drangedal,15-74 år,Menn,"Europa utenom EU/EFTA og Storbritannia, Afrika, Asia, Amerika utenom USA og Canada, Oseania utenom Australia og NZ, polare områder",Sysselsatte i prosent av personer i alt i hver gruppe,2023,28.7
Nome,15-74 år,Begge kjønn,Hele befolkningen,Sysselsatte i prosent av personer i alt i hver gruppe,2022,63.7
Nome,15-74 år,Begge kjønn,Hele befolkningen,Sysselsatte i prosent av personer i alt i hver gruppe,2023,63.1
Nome,15-74 år,Begge kjønn,Befolkningen eksklusive innvandrere,Sysselsatte i prosent av personer i alt i hver gruppe,2022,64.5
Nome,15-74 år,Begge kjønn,Befolkningen eksklusive innvandrere,Sysselsatte i prosent av personer i alt i hver gruppe,2023,64.3
Nome,15-74 år,Begge kjønn,Alle innvandrere,Sysselsatte i prosent av personer i alt i hver gruppe,2022,59.0
Nome,15-74 år,Begge kjønn,Alle innvandrere,Sysselsatte i prosent av personer i alt i hver gruppe,2023,56.3
Nome,15-74 år,Begge kjønn,"Norden utenom Norge, EU/EFTA,  Storbritannia, USA, Canada, Australia, New Zealand",Sysselsatte i prosent av personer i alt i hver gruppe,2022,68.2
Nome,15-74 år,Begge kjønn,"Norden utenom Norge, EU/EFTA,  Storbritannia, USA, Canada, Australia, New Zealand",Sysselsatte i prosent av personer i alt i hver gruppe,2023,66.8
Nome,15-74 år,Begge kjønn,"Europa utenom EU/EFTA og Storbritannia, Afrika, Asia, Amerika utenom USA og Canada, Oseania utenom Australia og NZ, polare områder",Sysselsatte i prosent av personer i alt i hver gruppe,2022,49.6
Nome,15-74 år,Begge kjønn,"Europa utenom EU/EFTA og Storbritannia, Afrika, Asia, Amerika utenom USA og Canada, Oseania utenom Australia og NZ, polare områder",Sysselsatte i prosent av personer i alt i hver gruppe,2023,45.5
Nome,15-74 år,Kvinner,Hele befolkningen,Sysselsatte i prosent av personer i alt i hver gruppe,2022,62.3
Nome,15-74 år,Kvinner,Hele befolkningen,Sysselsatte i prosent av personer i alt i hver gruppe,2023,61.3
Nome,15-74 år,Kvinner,Befolkningen eksklusive innvandrere,Sysselsatte i prosent av personer i alt i hver gruppe,2022,63.1
Nome,15-74 år,Kvinner,Befolkningen eksklusive innvandrere,Sysselsatte i prosent av personer i alt i hver gruppe,2023,62.7
Nome,15-74 år,Kvinner,Alle innvandrere,Sysselsatte i prosent av personer i alt i hver gruppe,2022,58.2
Nome,15-74 år,Kvinner,Alle innvandrere,Sysselsatte i prosent av personer i alt i hver gruppe,2023,54.9
Nome,15-74 år,Kvinner,"Norden utenom Norge, EU/EFTA,  Storbritannia, USA, Canada, Australia, New Zealand",Sysselsatte i prosent av personer i alt i hver gruppe,2022,65.3
Nome,15-74 år,Kvinner,"Norden utenom Norge, EU/EFTA,  Storbritannia, USA, Canada, Australia, New Zealand",Sysselsatte i prosent av personer i alt i hver gruppe,2023,64.0
Nome,15-74 år,Kvinner,"Europa utenom EU/EFTA og Storbritannia, Afrika, Asia, Amerika utenom USA og Canada, Oseania utenom Australia og NZ, polare områder",Sysselsatte i prosent av personer i alt i hver gruppe,2022,52.0
Nome,15-74 år,Kvinner,"Europa utenom EU/EFTA og Storbritannia, Afrika, Asia, Amerika utenom USA og Canada, Oseania utenom Australia og NZ, polare områder",Sysselsatte i prosent av personer i alt i hver gruppe,2023,47.3
Nome,15-74 år,Menn,Hele befolkningen,Sysselsatte i prosent av personer i alt i hver gruppe,2022,64.9
Nome,15-74 år,Menn,Hele befolkningen,Sysselsatte i prosent av personer i alt i hver gruppe,2023,64.7
Nome,15-74 år,Menn,Befolkningen eksklusive innvandrere,Sysselsatte i prosent av personer i alt i hver gruppe,2022,65.7
Nome,15-74 år,Menn,Befolkningen eksklusive innvandrere,Sysselsatte i prosent av personer i alt i hver gruppe,2023,65.8
Nome,15-74 år,Menn,Alle innvandrere,Sysselsatte i prosent av personer i alt i hver gruppe,2022,59.9
Nome,15-74 år,Menn,Alle innvandrere,Sysselsatte i prosent av personer i alt i hver gruppe,2023,57.9
Nome,15-74 år,Menn,"Norden utenom Norge, EU/EFTA,  Storbritannia, USA, Canada, Australia, New Zealand",Sysselsatte i prosent av personer i alt i hver gruppe,2022,71.0
Nome,15-74 år,Menn,"Norden utenom Norge, EU/EFTA,  Storbritannia, USA, Canada, Australia, New Zealand",Sysselsatte i prosent av personer i alt i hver gruppe,2023,69.7
Nome,15-74 år,Menn,"Europa utenom EU/EFTA og Storbritannia, Afrika, Asia, Amerika utenom USA og Canada, Oseania utenom Australia og NZ, polare områder",Sysselsatte i prosent av personer i alt i hver gruppe,2022,46.4
Nome,15-74 år,Menn,"Europa utenom EU/EFTA og Storbritannia, Afrika, Asia, Amerika utenom USA og Canada, Oseania utenom Australia og NZ, polare områder",Sysselsatte i prosent av personer i alt i hver gruppe,2023,43.0
Midt-Telemark,15-74 år,Begge kjønn,Hele befolkningen,Sysselsatte i prosent av personer i alt i hver gruppe,2022,63.1
Midt-Telemark,15-74 år,Begge kjønn,Hele befolkningen,Sysselsatte i prosent av personer i alt i hver gruppe,2023,63.0
Midt-Telemark,15-74 år,Begge kjønn,Befolkningen eksklusive innvandrere,Sysselsatte i prosent av personer i alt i hver gruppe,2022,65.8
Midt-Telemark,15-74 år,Begge kjønn,Befolkningen eksklusive innvandrere,Sysselsatte i prosent av personer i alt i hver gruppe,2023,66.1
Midt-Telemark,15-74 år,Begge kjønn,Alle innvandrere,Sysselsatte i prosent av personer i alt i hver gruppe,2022,50.2
Midt-Telemark,15-74 år,Begge kjønn,Alle innvandrere,Sysselsatte i prosent av personer i alt i hver gruppe,2023,50.1
Midt-Telemark,15-74 år,Begge kjønn,"Norden utenom Norge, EU/EFTA,  Storbritannia, USA, Canada, Australia, New Zealand",Sysselsatte i prosent av personer i alt i hver gruppe,2022,55.3
Midt-Telemark,15-74 år,Begge kjønn,"Norden utenom Norge, EU/EFTA,  Storbritannia, USA, Canada, Australia, New Zealand",Sysselsatte i prosent av personer i alt i hver gruppe,2023,55.8
Midt-Telemark,15-74 år,Begge kjønn,"Europa utenom EU/EFTA og Storbritannia, Afrika, Asia, Amerika utenom USA og Canada, Oseania utenom Australia og NZ, polare områder",Sysselsatte i prosent av personer i alt i hver gruppe,2022,45.1
Midt-Telemark,15-74 år,Begge kjønn,"Europa utenom EU/EFTA og Storbritannia, Afrika, Asia, Amerika utenom USA og Canada, Oseania utenom Australia og NZ, polare områder",Sysselsatte i prosent av personer i alt i hver gruppe,2023,44.9
Midt-Telemark,15-74 år,Kvinner,Hele befolkningen,Sysselsatte i prosent av personer i alt i hver gruppe,2022,59.9
Midt-Telemark,15-74 år,Kvinner,Hele befolkningen,Sysselsatte i prosent av personer i alt i hver gruppe,2023,60.0
Midt-Telemark,15-74 år,Kvinner,Befolkningen eksklusive innvandrere,Sysselsatte i prosent av personer i alt i hver gruppe,2022,62.8
Midt-Telemark,15-74 år,Kvinner,Befolkningen eksklusive innvandrere,Sysselsatte i prosent av personer i alt i hver gruppe,2023,63.2
Midt-Telemark,15-74 år,Kvinner,Alle innvandrere,Sysselsatte i prosent av personer i alt i hver gruppe,2022,46.2
Midt-Telemark,15-74 år,Kvinner,Alle innvandrere,Sysselsatte i prosent av personer i alt i hver gruppe,2023,46.7
Midt-Telemark,15-74 år,Kvinner,"Norden utenom Norge, EU/EFTA,  Storbritannia, USA, Canada, Australia, New Zealand",Sysselsatte i prosent av personer i alt i hver gruppe,2022,52.2
Midt-Telemark,15-74 år,Kvinner,"Norden utenom Norge, EU/EFTA,  Storbritannia, USA, Canada, Australia, New Zealand",Sysselsatte i prosent av personer i alt i hver gruppe,2023,52.5
Midt-Telemark,15-74 år,Kvinner,"Europa utenom EU/EFTA og Storbritannia, Afrika, Asia, Amerika utenom USA og Canada, Oseania utenom Australia og NZ, polare områder",Sysselsatte i prosent av personer i alt i hver gruppe,2022,40.6
Midt-Telemark,15-74 år,Kvinner,"Europa utenom EU/EFTA og Storbritannia, Afrika, Asia, Amerika utenom USA og Canada, Oseania utenom Australia og NZ, polare områder",Sysselsatte i prosent av personer i alt i hver gruppe,2023,41.7
Midt-Telemark,15-74 år,Menn,Hele befolkningen,Sysselsatte i prosent av personer i alt i hver gruppe,2022,66.2
Midt-Telemark,15-74 år,Menn,Hele befolkningen,Sysselsatte i prosent av personer i alt i hver gruppe,2023,66.0
Midt-Telemark,15-74 år,Menn,Befolkningen eksklusive innvandrere,Sysselsatte i prosent av personer i alt i hver gruppe,2022,68.7
Midt-Telemark,15-74 år,Menn,Befolkningen eksklusive innvandrere,Sysselsatte i prosent av personer i alt i hver gruppe,2023,68.8
Midt-Telemark,15-74 år,Menn,Alle innvandrere,Sysselsatte i prosent av personer i alt i hver gruppe,2022,54.2
Midt-Telemark,15-74 år,Menn,Alle innvandrere,Sysselsatte i prosent av personer i alt i hver gruppe,2023,53.6
Midt-Telemark,15-74 år,Menn,"Norden utenom Norge, EU/EFTA,  Storbritannia, USA, Canada, Australia, New Zealand",Sysselsatte i prosent av personer i alt i hver gruppe,2022,58.3
Midt-Telemark,15-74 år,Menn,"Norden utenom Norge, EU/EFTA,  Storbritannia, USA, Canada, Australia, New Zealand",Sysselsatte i prosent av personer i alt i hver gruppe,2023,59.0
Midt-Telemark,15-74 år,Menn,"Europa utenom EU/EFTA og Storbritannia, Afrika, Asia, Amerika utenom USA og Canada, Oseania utenom Australia og NZ, polare områder",Sysselsatte i prosent av personer i alt i hver gruppe,2022,49.9
Midt-Telemark,15-74 år,Menn,"Europa utenom EU/EFTA og Storbritannia, Afrika, Asia, Amerika utenom USA og Canada, Oseania utenom Australia og NZ, polare områder",Sysselsatte i prosent av personer i alt i hver gruppe,2023,48.3
Tinn,15-74 år,Begge kjønn,Hele befolkningen,Sysselsatte i prosent av personer i alt i hver gruppe,2022,66.3
Tinn,15-74 år,Begge kjønn,Hele befolkningen,Sysselsatte i prosent av personer i alt i hver gruppe,2023,66.1
Tinn,15-74 år,Begge kjønn,Befolkningen eksklusive innvandrere,Sysselsatte i prosent av personer i alt i hver gruppe,2022,66.9
Tinn,15-74 år,Begge kjønn,Befolkningen eksklusive innvandrere,Sysselsatte i prosent av personer i alt i hver gruppe,2023,66.9
Tinn,15-74 år,Begge kjønn,Alle innvandrere,Sysselsatte i prosent av personer i alt i hver gruppe,2022,63.1
Tinn,15-74 år,Begge kjønn,Alle innvandrere,Sysselsatte i prosent av personer i alt i hver gruppe,2023,61.4
Tinn,15-74 år,Begge kjønn,"Norden utenom Norge, EU/EFTA,  Storbritannia, USA, Canada, Australia, New Zealand",Sysselsatte i prosent av personer i alt i hver gruppe,2022,71.6
Tinn,15-74 år,Begge kjønn,"Norden utenom Norge, EU/EFTA,  Storbritannia, USA, Canada, Australia, New Zealand",Sysselsatte i prosent av personer i alt i hver gruppe,2023,72.5
Tinn,15-74 år,Begge kjønn,"Europa utenom EU/EFTA og Storbritannia, Afrika, Asia, Amerika utenom USA og Canada, Oseania utenom Australia og NZ, polare områder",Sysselsatte i prosent av personer i alt i hver gruppe,2022,55.2
Tinn,15-74 år,Begge kjønn,"Europa utenom EU/EFTA og Storbritannia, Afrika, Asia, Amerika utenom USA og Canada, Oseania utenom Australia og NZ, polare områder",Sysselsatte i prosent av personer i alt i hver gruppe,2023,52.0
Tinn,15-74 år,Kvinner,Hele befolkningen,Sysselsatte i prosent av personer i alt i hver gruppe,2022,63.7
Tinn,15-74 år,Kvinner,Hele befolkningen,Sysselsatte i prosent av personer i alt i hver gruppe,2023,62.9
Tinn,15-74 år,Kvinner,Befolkningen eksklusive innvandrere,Sysselsatte i prosent av personer i alt i hver gruppe,2022,64.3
Tinn,15-74 år,Kvinner,Befolkningen eksklusive innvandrere,Sysselsatte i prosent av personer i alt i hver gruppe,2023,63.3
Tinn,15-74 år,Kvinner,Alle innvandrere,Sysselsatte i prosent av personer i alt i hver gruppe,2022,60.1
Tinn,15-74 år,Kvinner,Alle innvandrere,Sysselsatte i prosent av personer i alt i hver gruppe,2023,60.8
Tinn,15-74 år,Kvinner,"Norden utenom Norge, EU/EFTA,  Storbritannia, USA, Canada, Australia, New Zealand",Sysselsatte i prosent av personer i alt i hver gruppe,2022,73.6
Tinn,15-74 år,Kvinner,"Norden utenom Norge, EU/EFTA,  Storbritannia, USA, Canada, Australia, New Zealand",Sysselsatte i prosent av personer i alt i hver gruppe,2023,75.0
Tinn,15-74 år,Kvinner,"Europa utenom EU/EFTA og Storbritannia, Afrika, Asia, Amerika utenom USA og Canada, Oseania utenom Australia og NZ, polare områder",Sysselsatte i prosent av personer i alt i hver gruppe,2022,51.3
Tinn,15-74 år,Kvinner,"Europa utenom EU/EFTA og Storbritannia, Afrika, Asia, Amerika utenom USA og Canada, Oseania utenom Australia og NZ, polare områder",Sysselsatte i prosent av personer i alt i hver gruppe,2023,51.5
Tinn,15-74 år,Menn,Hele befolkningen,Sysselsatte i prosent av personer i alt i hver gruppe,2022,68.9
Tinn,15-74 år,Menn,Hele befolkningen,Sysselsatte i prosent av personer i alt i hver gruppe,2023,69.1
Tinn,15-74 år,Menn,Befolkningen eksklusive innvandrere,Sysselsatte i prosent av personer i alt i hver gruppe,2022,69.3
Tinn,15-74 år,Menn,Befolkningen eksklusive innvandrere,Sysselsatte i prosent av personer i alt i hver gruppe,2023,70.3
Tinn,15-74 år,Menn,Alle innvandrere,Sysselsatte i prosent av personer i alt i hver gruppe,2022,66.3
Tinn,15-74 år,Menn,Alle innvandrere,Sysselsatte i prosent av personer i alt i hver gruppe,2023,62.1
Tinn,15-74 år,Menn,"Norden utenom Norge, EU/EFTA,  Storbritannia, USA, Canada, Australia, New Zealand",Sysselsatte i prosent av personer i alt i hver gruppe,2022,70.2
Tinn,15-74 år,Menn,"Norden utenom Norge, EU/EFTA,  Storbritannia, USA, Canada, Australia, New Zealand",Sysselsatte i prosent av personer i alt i hver gruppe,2023,70.4
Tinn,15-74 år,Menn,"Europa utenom EU/EFTA og Storbritannia, Afrika, Asia, Amerika utenom USA og Canada, Oseania utenom Australia og NZ, polare områder",Sysselsatte i prosent av personer i alt i hver gruppe,2022,61.2
Tinn,15-74 år,Menn,"Europa utenom EU/EFTA og Storbritannia, Afrika, Asia, Amerika utenom USA og Canada, Oseania utenom Australia og NZ, polare områder",Sysselsatte i prosent av personer i alt i hver gruppe,2023,52.8
Hjartdal,15-74 år,Begge kjønn,Hele befolkningen,Sysselsatte i prosent av personer i alt i hver gruppe,2022,68.6
Hjartdal,15-74 år,Begge kjønn,Hele befolkningen,Sysselsatte i prosent av personer i alt i hver gruppe,2023,69.2
Hjartdal,15-74 år,Begge kjønn,Befolkningen eksklusive innvandrere,Sysselsatte i prosent av personer i alt i hver gruppe,2022,70.4
Hjartdal,15-74 år,Begge kjønn,Befolkningen eksklusive innvandrere,Sysselsatte i prosent av personer i alt i hver gruppe,2023,71.8
Hjartdal,15-74 år,Begge kjønn,Alle innvandrere,Sysselsatte i prosent av personer i alt i hver gruppe,2022,50.5
Hjartdal,15-74 år,Begge kjønn,Alle innvandrere,Sysselsatte i prosent av personer i alt i hver gruppe,2023,49.6
Hjartdal,15-74 år,Begge kjønn,"Norden utenom Norge, EU/EFTA,  Storbritannia, USA, Canada, Australia, New Zealand",Sysselsatte i prosent av personer i alt i hver gruppe,2022,67.4
Hjartdal,15-74 år,Begge kjønn,"Norden utenom Norge, EU/EFTA,  Storbritannia, USA, Canada, Australia, New Zealand",Sysselsatte i prosent av personer i alt i hver gruppe,2023,66.7
Hjartdal,15-74 år,Begge kjønn,"Europa utenom EU/EFTA og Storbritannia, Afrika, Asia, Amerika utenom USA og Canada, Oseania utenom Australia og NZ, polare områder",Sysselsatte i prosent av personer i alt i hver gruppe,2022,37.3
Hjartdal,15-74 år,Begge kjønn,"Europa utenom EU/EFTA og Storbritannia, Afrika, Asia, Amerika utenom USA og Canada, Oseania utenom Australia og NZ, polare områder",Sysselsatte i prosent av personer i alt i hver gruppe,2023,40.9
Hjartdal,15-74 år,Kvinner,Hele befolkningen,Sysselsatte i prosent av personer i alt i hver gruppe,2022,64.7
Hjartdal,15-74 år,Kvinner,Hele befolkningen,Sysselsatte i prosent av personer i alt i hver gruppe,2023,65.3
Hjartdal,15-74 år,Kvinner,Befolkningen eksklusive innvandrere,Sysselsatte i prosent av personer i alt i hver gruppe,2022,66.9
Hjartdal,15-74 år,Kvinner,Befolkningen eksklusive innvandrere,Sysselsatte i prosent av personer i alt i hver gruppe,2023,68.4
Hjartdal,15-74 år,Kvinner,Alle innvandrere,Sysselsatte i prosent av personer i alt i hver gruppe,2022,46.7
Hjartdal,15-74 år,Kvinner,Alle innvandrere,Sysselsatte i prosent av personer i alt i hver gruppe,2023,46.2
Hjartdal,15-74 år,Kvinner,"Norden utenom Norge, EU/EFTA,  Storbritannia, USA, Canada, Australia, New Zealand",Sysselsatte i prosent av personer i alt i hver gruppe,2022,59.1
Hjartdal,15-74 år,Kvinner,"Norden utenom Norge, EU/EFTA,  Storbritannia, USA, Canada, Australia, New Zealand",Sysselsatte i prosent av personer i alt i hver gruppe,2023,59.1
Hjartdal,15-74 år,Kvinner,"Europa utenom EU/EFTA og Storbritannia, Afrika, Asia, Amerika utenom USA og Canada, Oseania utenom Australia og NZ, polare områder",Sysselsatte i prosent av personer i alt i hver gruppe,2022,39.5
Hjartdal,15-74 år,Kvinner,"Europa utenom EU/EFTA og Storbritannia, Afrika, Asia, Amerika utenom USA og Canada, Oseania utenom Australia og NZ, polare områder",Sysselsatte i prosent av personer i alt i hver gruppe,2023,41.1
Hjartdal,15-74 år,Menn,Hele befolkningen,Sysselsatte i prosent av personer i alt i hver gruppe,2022,72.3
Hjartdal,15-74 år,Menn,Hele befolkningen,Sysselsatte i prosent av personer i alt i hver gruppe,2023,73.0
Hjartdal,15-74 år,Menn,Befolkningen eksklusive innvandrere,Sysselsatte i prosent av personer i alt i hver gruppe,2022,73.7
Hjartdal,15-74 år,Menn,Befolkningen eksklusive innvandrere,Sysselsatte i prosent av personer i alt i hver gruppe,2023,75.0
Hjartdal,15-74 år,Menn,Alle innvandrere,Sysselsatte i prosent av personer i alt i hver gruppe,2022,55.6
Hjartdal,15-74 år,Menn,Alle innvandrere,Sysselsatte i prosent av personer i alt i hver gruppe,2023,54.5
Hjartdal,15-74 år,Menn,"Norden utenom Norge, EU/EFTA,  Storbritannia, USA, Canada, Australia, New Zealand",Sysselsatte i prosent av personer i alt i hver gruppe,2022,75.0
Hjartdal,15-74 år,Menn,"Norden utenom Norge, EU/EFTA,  Storbritannia, USA, Canada, Australia, New Zealand",Sysselsatte i prosent av personer i alt i hver gruppe,2023,73.9
Hjartdal,15-74 år,Menn,"Europa utenom EU/EFTA og Storbritannia, Afrika, Asia, Amerika utenom USA og Canada, Oseania utenom Australia og NZ, polare områder",Sysselsatte i prosent av personer i alt i hver gruppe,2022,
Hjartdal,15-74 år,Menn,"Europa utenom EU/EFTA og Storbritannia, Afrika, Asia, Amerika utenom USA og Canada, Oseania utenom Australia og NZ, polare områder",Sysselsatte i prosent av personer i alt i hver gruppe,2023,40.6
Seljord,15-74 år,Begge kjønn,Hele befolkningen,Sysselsatte i prosent av personer i alt i hver gruppe,2022,66.9
Seljord,15-74 år,Begge kjønn,Hele befolkningen,Sysselsatte i prosent av personer i alt i hver gruppe,2023,66.5
Seljord,15-74 år,Begge kjønn,Befolkningen eksklusive innvandrere,Sysselsatte i prosent av personer i alt i hver gruppe,2022,68.6
Seljord,15-74 år,Begge kjønn,Befolkningen eksklusive innvandrere,Sysselsatte i prosent av personer i alt i hver gruppe,2023,67.9
Seljord,15-74 år,Begge kjønn,Alle innvandrere,Sysselsatte i prosent av personer i alt i hver gruppe,2022,55.0
Seljord,15-74 år,Begge kjønn,Alle innvandrere,Sysselsatte i prosent av personer i alt i hver gruppe,2023,58.1
Seljord,15-74 år,Begge kjønn,"Norden utenom Norge, EU/EFTA,  Storbritannia, USA, Canada, Australia, New Zealand",Sysselsatte i prosent av personer i alt i hver gruppe,2022,67.6
Seljord,15-74 år,Begge kjønn,"Norden utenom Norge, EU/EFTA,  Storbritannia, USA, Canada, Australia, New Zealand",Sysselsatte i prosent av personer i alt i hver gruppe,2023,73.0
Seljord,15-74 år,Begge kjønn,"Europa utenom EU/EFTA og Storbritannia, Afrika, Asia, Amerika utenom USA og Canada, Oseania utenom Australia og NZ, polare områder",Sysselsatte i prosent av personer i alt i hver gruppe,2022,41.5
Seljord,15-74 år,Begge kjønn,"Europa utenom EU/EFTA og Storbritannia, Afrika, Asia, Amerika utenom USA og Canada, Oseania utenom Australia og NZ, polare områder",Sysselsatte i prosent av personer i alt i hver gruppe,2023,45.3
Seljord,15-74 år,Kvinner,Hele befolkningen,Sysselsatte i prosent av personer i alt i hver gruppe,2022,60.8
Seljord,15-74 år,Kvinner,Hele befolkningen,Sysselsatte i prosent av personer i alt i hver gruppe,2023,62.4
Seljord,15-74 år,Kvinner,Befolkningen eksklusive innvandrere,Sysselsatte i prosent av personer i alt i hver gruppe,2022,63.3
Seljord,15-74 år,Kvinner,Befolkningen eksklusive innvandrere,Sysselsatte i prosent av personer i alt i hver gruppe,2023,64.0
Seljord,15-74 år,Kvinner,Alle innvandrere,Sysselsatte i prosent av personer i alt i hver gruppe,2022,43.9
Seljord,15-74 år,Kvinner,Alle innvandrere,Sysselsatte i prosent av personer i alt i hver gruppe,2023,53.0
Seljord,15-74 år,Kvinner,"Norden utenom Norge, EU/EFTA,  Storbritannia, USA, Canada, Australia, New Zealand",Sysselsatte i prosent av personer i alt i hver gruppe,2022,61.0
Seljord,15-74 år,Kvinner,"Norden utenom Norge, EU/EFTA,  Storbritannia, USA, Canada, Australia, New Zealand",Sysselsatte i prosent av personer i alt i hver gruppe,2023,70.7
Seljord,15-74 år,Kvinner,"Europa utenom EU/EFTA og Storbritannia, Afrika, Asia, Amerika utenom USA og Canada, Oseania utenom Australia og NZ, polare områder",Sysselsatte i prosent av personer i alt i hver gruppe,2022,31.3
Seljord,15-74 år,Kvinner,"Europa utenom EU/EFTA og Storbritannia, Afrika, Asia, Amerika utenom USA og Canada, Oseania utenom Australia og NZ, polare områder",Sysselsatte i prosent av personer i alt i hver gruppe,2023,41.9
Seljord,15-74 år,Menn,Hele befolkningen,Sysselsatte i prosent av personer i alt i hver gruppe,2022,73.0
Seljord,15-74 år,Menn,Hele befolkningen,Sysselsatte i prosent av personer i alt i hver gruppe,2023,70.6
Seljord,15-74 år,Menn,Befolkningen eksklusive innvandrere,Sysselsatte i prosent av personer i alt i hver gruppe,2022,73.8
Seljord,15-74 år,Menn,Befolkningen eksklusive innvandrere,Sysselsatte i prosent av personer i alt i hver gruppe,2023,71.8
Seljord,15-74 år,Menn,Alle innvandrere,Sysselsatte i prosent av personer i alt i hver gruppe,2022,66.9
Seljord,15-74 år,Menn,Alle innvandrere,Sysselsatte i prosent av personer i alt i hver gruppe,2023,63.3
Seljord,15-74 år,Menn,"Norden utenom Norge, EU/EFTA,  Storbritannia, USA, Canada, Australia, New Zealand",Sysselsatte i prosent av personer i alt i hver gruppe,2022,72.5
Seljord,15-74 år,Menn,"Norden utenom Norge, EU/EFTA,  Storbritannia, USA, Canada, Australia, New Zealand",Sysselsatte i prosent av personer i alt i hver gruppe,2023,74.7
Seljord,15-74 år,Menn,"Europa utenom EU/EFTA og Storbritannia, Afrika, Asia, Amerika utenom USA og Canada, Oseania utenom Australia og NZ, polare områder",Sysselsatte i prosent av personer i alt i hver gruppe,2022,58.0
Seljord,15-74 år,Menn,"Europa utenom EU/EFTA og Storbritannia, Afrika, Asia, Amerika utenom USA og Canada, Oseania utenom Australia og NZ, polare områder",Sysselsatte i prosent av personer i alt i hver gruppe,2023,50.0
Kviteseid,15-74 år,Begge kjønn,Hele befolkningen,Sysselsatte i prosent av personer i alt i hver gruppe,2022,69.0
Kviteseid,15-74 år,Begge kjønn,Hele befolkningen,Sysselsatte i prosent av personer i alt i hver gruppe,2023,68.5
Kviteseid,15-74 år,Begge kjønn,Befolkningen eksklusive innvandrere,Sysselsatte i prosent av personer i alt i hver gruppe,2022,69.9
Kviteseid,15-74 år,Begge kjønn,Befolkningen eksklusive innvandrere,Sysselsatte i prosent av personer i alt i hver gruppe,2023,69.5
Kviteseid,15-74 år,Begge kjønn,Alle innvandrere,Sysselsatte i prosent av personer i alt i hver gruppe,2022,61.9
Kviteseid,15-74 år,Begge kjønn,Alle innvandrere,Sysselsatte i prosent av personer i alt i hver gruppe,2023,61.7
Kviteseid,15-74 år,Begge kjønn,"Norden utenom Norge, EU/EFTA,  Storbritannia, USA, Canada, Australia, New Zealand",Sysselsatte i prosent av personer i alt i hver gruppe,2022,65.5
Kviteseid,15-74 år,Begge kjønn,"Norden utenom Norge, EU/EFTA,  Storbritannia, USA, Canada, Australia, New Zealand",Sysselsatte i prosent av personer i alt i hver gruppe,2023,69.8
Kviteseid,15-74 år,Begge kjønn,"Europa utenom EU/EFTA og Storbritannia, Afrika, Asia, Amerika utenom USA og Canada, Oseania utenom Australia og NZ, polare områder",Sysselsatte i prosent av personer i alt i hver gruppe,2022,54.9
Kviteseid,15-74 år,Begge kjønn,"Europa utenom EU/EFTA og Storbritannia, Afrika, Asia, Amerika utenom USA og Canada, Oseania utenom Australia og NZ, polare områder",Sysselsatte i prosent av personer i alt i hver gruppe,2023,48.4
Kviteseid,15-74 år,Kvinner,Hele befolkningen,Sysselsatte i prosent av personer i alt i hver gruppe,2022,64.2
Kviteseid,15-74 år,Kvinner,Hele befolkningen,Sysselsatte i prosent av personer i alt i hver gruppe,2023,64.5
Kviteseid,15-74 år,Kvinner,Befolkningen eksklusive innvandrere,Sysselsatte i prosent av personer i alt i hver gruppe,2022,64.9
Kviteseid,15-74 år,Kvinner,Befolkningen eksklusive innvandrere,Sysselsatte i prosent av personer i alt i hver gruppe,2023,65.4
Kviteseid,15-74 år,Kvinner,Alle innvandrere,Sysselsatte i prosent av personer i alt i hver gruppe,2022,59.1
Kviteseid,15-74 år,Kvinner,Alle innvandrere,Sysselsatte i prosent av personer i alt i hver gruppe,2023,59.4
Kviteseid,15-74 år,Kvinner,"Norden utenom Norge, EU/EFTA,  Storbritannia, USA, Canada, Australia, New Zealand",Sysselsatte i prosent av personer i alt i hver gruppe,2022,60.0
Kviteseid,15-74 år,Kvinner,"Norden utenom Norge, EU/EFTA,  Storbritannia, USA, Canada, Australia, New Zealand",Sysselsatte i prosent av personer i alt i hver gruppe,2023,65.2
Kviteseid,15-74 år,Kvinner,"Europa utenom EU/EFTA og Storbritannia, Afrika, Asia, Amerika utenom USA og Canada, Oseania utenom Australia og NZ, polare områder",Sysselsatte i prosent av personer i alt i hver gruppe,2022,57.8
Kviteseid,15-74 år,Kvinner,"Europa utenom EU/EFTA og Storbritannia, Afrika, Asia, Amerika utenom USA og Canada, Oseania utenom Australia og NZ, polare områder",Sysselsatte i prosent av personer i alt i hver gruppe,2023,52.5
Kviteseid,15-74 år,Menn,Hele befolkningen,Sysselsatte i prosent av personer i alt i hver gruppe,2022,73.3
Kviteseid,15-74 år,Menn,Hele befolkningen,Sysselsatte i prosent av personer i alt i hver gruppe,2023,72.1
Kviteseid,15-74 år,Menn,Befolkningen eksklusive innvandrere,Sysselsatte i prosent av personer i alt i hver gruppe,2022,74.3
Kviteseid,15-74 år,Menn,Befolkningen eksklusive innvandrere,Sysselsatte i prosent av personer i alt i hver gruppe,2023,73.1
Kviteseid,15-74 år,Menn,Alle innvandrere,Sysselsatte i prosent av personer i alt i hver gruppe,2022,65.0
Kviteseid,15-74 år,Menn,Alle innvandrere,Sysselsatte i prosent av personer i alt i hver gruppe,2023,64.3
Kviteseid,15-74 år,Menn,"Norden utenom Norge, EU/EFTA,  Storbritannia, USA, Canada, Australia, New Zealand",Sysselsatte i prosent av personer i alt i hver gruppe,2022,70.3
Kviteseid,15-74 år,Menn,"Norden utenom Norge, EU/EFTA,  Storbritannia, USA, Canada, Australia, New Zealand",Sysselsatte i prosent av personer i alt i hver gruppe,2023,73.8
Kviteseid,15-74 år,Menn,"Europa utenom EU/EFTA og Storbritannia, Afrika, Asia, Amerika utenom USA og Canada, Oseania utenom Australia og NZ, polare områder",Sysselsatte i prosent av personer i alt i hver gruppe,2022,50.0
Kviteseid,15-74 år,Menn,"Europa utenom EU/EFTA og Storbritannia, Afrika, Asia, Amerika utenom USA og Canada, Oseania utenom Australia og NZ, polare områder",Sysselsatte i prosent av personer i alt i hver gruppe,2023,40.6
Nissedal,15-74 år,Begge kjønn,Hele befolkningen,Sysselsatte i prosent av personer i alt i hver gruppe,2022,67.2
Nissedal,15-74 år,Begge kjønn,Hele befolkningen,Sysselsatte i prosent av personer i alt i hver gruppe,2023,65.5
Nissedal,15-74 år,Begge kjønn,Befolkningen eksklusive innvandrere,Sysselsatte i prosent av personer i alt i hver gruppe,2022,68.9
Nissedal,15-74 år,Begge kjønn,Befolkningen eksklusive innvandrere,Sysselsatte i prosent av personer i alt i hver gruppe,2023,66.5
Nissedal,15-74 år,Begge kjønn,Alle innvandrere,Sysselsatte i prosent av personer i alt i hver gruppe,2022,56.5
Nissedal,15-74 år,Begge kjønn,Alle innvandrere,Sysselsatte i prosent av personer i alt i hver gruppe,2023,58.6
Nissedal,15-74 år,Begge kjønn,"Norden utenom Norge, EU/EFTA,  Storbritannia, USA, Canada, Australia, New Zealand",Sysselsatte i prosent av personer i alt i hver gruppe,2022,63.3
Nissedal,15-74 år,Begge kjønn,"Norden utenom Norge, EU/EFTA,  Storbritannia, USA, Canada, Australia, New Zealand",Sysselsatte i prosent av personer i alt i hver gruppe,2023,66.7
Nissedal,15-74 år,Begge kjønn,"Europa utenom EU/EFTA og Storbritannia, Afrika, Asia, Amerika utenom USA og Canada, Oseania utenom Australia og NZ, polare områder",Sysselsatte i prosent av personer i alt i hver gruppe,2022,40.0
Nissedal,15-74 år,Begge kjønn,"Europa utenom EU/EFTA og Storbritannia, Afrika, Asia, Amerika utenom USA og Canada, Oseania utenom Australia og NZ, polare områder",Sysselsatte i prosent av personer i alt i hver gruppe,2023,42.9
Nissedal,15-74 år,Kvinner,Hele befolkningen,Sysselsatte i prosent av personer i alt i hver gruppe,2022,61.4
Nissedal,15-74 år,Kvinner,Hele befolkningen,Sysselsatte i prosent av personer i alt i hver gruppe,2023,60.0
Nissedal,15-74 år,Kvinner,Befolkningen eksklusive innvandrere,Sysselsatte i prosent av personer i alt i hver gruppe,2022,62.0
Nissedal,15-74 år,Kvinner,Befolkningen eksklusive innvandrere,Sysselsatte i prosent av personer i alt i hver gruppe,2023,60.1
Nissedal,15-74 år,Kvinner,Alle innvandrere,Sysselsatte i prosent av personer i alt i hver gruppe,2022,57.1
Nissedal,15-74 år,Kvinner,Alle innvandrere,Sysselsatte i prosent av personer i alt i hver gruppe,2023,59.2
Nissedal,15-74 år,Kvinner,"Norden utenom Norge, EU/EFTA,  Storbritannia, USA, Canada, Australia, New Zealand",Sysselsatte i prosent av personer i alt i hver gruppe,2022,63.4
Nissedal,15-74 år,Kvinner,"Norden utenom Norge, EU/EFTA,  Storbritannia, USA, Canada, Australia, New Zealand",Sysselsatte i prosent av personer i alt i hver gruppe,2023,64.3
Nissedal,15-74 år,Kvinner,"Europa utenom EU/EFTA og Storbritannia, Afrika, Asia, Amerika utenom USA og Canada, Oseania utenom Australia og NZ, polare områder",Sysselsatte i prosent av personer i alt i hver gruppe,2022,45.5
Nissedal,15-74 år,Kvinner,"Europa utenom EU/EFTA og Storbritannia, Afrika, Asia, Amerika utenom USA og Canada, Oseania utenom Australia og NZ, polare områder",Sysselsatte i prosent av personer i alt i hver gruppe,2023,51.7
Nissedal,15-74 år,Menn,Hele befolkningen,Sysselsatte i prosent av personer i alt i hver gruppe,2022,72.4
Nissedal,15-74 år,Menn,Hele befolkningen,Sysselsatte i prosent av personer i alt i hver gruppe,2023,70.7
Nissedal,15-74 år,Menn,Befolkningen eksklusive innvandrere,Sysselsatte i prosent av personer i alt i hver gruppe,2022,75.2
Nissedal,15-74 år,Menn,Befolkningen eksklusive innvandrere,Sysselsatte i prosent av personer i alt i hver gruppe,2023,72.7
Nissedal,15-74 år,Menn,Alle innvandrere,Sysselsatte i prosent av personer i alt i hver gruppe,2022,56.0
Nissedal,15-74 år,Menn,Alle innvandrere,Sysselsatte i prosent av personer i alt i hver gruppe,2023,58.1
Nissedal,15-74 år,Menn,"Norden utenom Norge, EU/EFTA,  Storbritannia, USA, Canada, Australia, New Zealand",Sysselsatte i prosent av personer i alt i hver gruppe,2022,63.2
Nissedal,15-74 år,Menn,"Norden utenom Norge, EU/EFTA,  Storbritannia, USA, Canada, Australia, New Zealand",Sysselsatte i prosent av personer i alt i hver gruppe,2023,68.5
Nissedal,15-74 år,Menn,"Europa utenom EU/EFTA og Storbritannia, Afrika, Asia, Amerika utenom USA og Canada, Oseania utenom Australia og NZ, polare områder",Sysselsatte i prosent av personer i alt i hver gruppe,2022,
Nissedal,15-74 år,Menn,"Europa utenom EU/EFTA og Storbritannia, Afrika, Asia, Amerika utenom USA og Canada, Oseania utenom Australia og NZ, polare områder",Sysselsatte i prosent av personer i alt i hver gruppe,2023,
Fyresdal,15-74 år,Begge kjønn,Hele befolkningen,Sysselsatte i prosent av personer i alt i hver gruppe,2022,68.2
Fyresdal,15-74 år,Begge kjønn,Hele befolkningen,Sysselsatte i prosent av personer i alt i hver gruppe,2023,68.6
Fyresdal,15-74 år,Begge kjønn,Befolkningen eksklusive innvandrere,Sysselsatte i prosent av personer i alt i hver gruppe,2022,68.9
Fyresdal,15-74 år,Begge kjønn,Befolkningen eksklusive innvandrere,Sysselsatte i prosent av personer i alt i hver gruppe,2023,70.8
Fyresdal,15-74 år,Begge kjønn,Alle innvandrere,Sysselsatte i prosent av personer i alt i hver gruppe,2022,61.9
Fyresdal,15-74 år,Begge kjønn,Alle innvandrere,Sysselsatte i prosent av personer i alt i hver gruppe,2023,53.7
Fyresdal,15-74 år,Begge kjønn,"Norden utenom Norge, EU/EFTA,  Storbritannia, USA, Canada, Australia, New Zealand",Sysselsatte i prosent av personer i alt i hver gruppe,2022,70.4
Fyresdal,15-74 år,Begge kjønn,"Norden utenom Norge, EU/EFTA,  Storbritannia, USA, Canada, Australia, New Zealand",Sysselsatte i prosent av personer i alt i hver gruppe,2023,61.3
Fyresdal,15-74 år,Begge kjønn,"Europa utenom EU/EFTA og Storbritannia, Afrika, Asia, Amerika utenom USA og Canada, Oseania utenom Australia og NZ, polare områder",Sysselsatte i prosent av personer i alt i hver gruppe,2022,38.5
Fyresdal,15-74 år,Begge kjønn,"Europa utenom EU/EFTA og Storbritannia, Afrika, Asia, Amerika utenom USA og Canada, Oseania utenom Australia og NZ, polare områder",Sysselsatte i prosent av personer i alt i hver gruppe,2023,39.5
Fyresdal,15-74 år,Kvinner,Hele befolkningen,Sysselsatte i prosent av personer i alt i hver gruppe,2022,65.3
Fyresdal,15-74 år,Kvinner,Hele befolkningen,Sysselsatte i prosent av personer i alt i hver gruppe,2023,66.5
Fyresdal,15-74 år,Kvinner,Befolkningen eksklusive innvandrere,Sysselsatte i prosent av personer i alt i hver gruppe,2022,66.5
Fyresdal,15-74 år,Kvinner,Befolkningen eksklusive innvandrere,Sysselsatte i prosent av personer i alt i hver gruppe,2023,68.6
Fyresdal,15-74 år,Kvinner,Alle innvandrere,Sysselsatte i prosent av personer i alt i hver gruppe,2022,55.3
Fyresdal,15-74 år,Kvinner,Alle innvandrere,Sysselsatte i prosent av personer i alt i hver gruppe,2023,53.2
Fyresdal,15-74 år,Kvinner,"Norden utenom Norge, EU/EFTA,  Storbritannia, USA, Canada, Australia, New Zealand",Sysselsatte i prosent av personer i alt i hver gruppe,2022,71.9
Fyresdal,15-74 år,Kvinner,"Norden utenom Norge, EU/EFTA,  Storbritannia, USA, Canada, Australia, New Zealand",Sysselsatte i prosent av personer i alt i hver gruppe,2023,61.1
Fyresdal,15-74 år,Kvinner,"Europa utenom EU/EFTA og Storbritannia, Afrika, Asia, Amerika utenom USA og Canada, Oseania utenom Australia og NZ, polare områder",Sysselsatte i prosent av personer i alt i hver gruppe,2022,
Fyresdal,15-74 år,Kvinner,"Europa utenom EU/EFTA og Storbritannia, Afrika, Asia, Amerika utenom USA og Canada, Oseania utenom Australia og NZ, polare områder",Sysselsatte i prosent av personer i alt i hver gruppe,2023,42.3
Fyresdal,15-74 år,Menn,Hele befolkningen,Sysselsatte i prosent av personer i alt i hver gruppe,2022,70.9
Fyresdal,15-74 år,Menn,Hele befolkningen,Sysselsatte i prosent av personer i alt i hver gruppe,2023,70.5
Fyresdal,15-74 år,Menn,Befolkningen eksklusive innvandrere,Sysselsatte i prosent av personer i alt i hver gruppe,2022,71.3
Fyresdal,15-74 år,Menn,Befolkningen eksklusive innvandrere,Sysselsatte i prosent av personer i alt i hver gruppe,2023,72.9
Fyresdal,15-74 år,Menn,Alle innvandrere,Sysselsatte i prosent av personer i alt i hver gruppe,2022,68.0
Fyresdal,15-74 år,Menn,Alle innvandrere,Sysselsatte i prosent av personer i alt i hver gruppe,2023,54.1
Fyresdal,15-74 år,Menn,"Norden utenom Norge, EU/EFTA,  Storbritannia, USA, Canada, Australia, New Zealand",Sysselsatte i prosent av personer i alt i hver gruppe,2022,69.2
Fyresdal,15-74 år,Menn,"Norden utenom Norge, EU/EFTA,  Storbritannia, USA, Canada, Australia, New Zealand",Sysselsatte i prosent av personer i alt i hver gruppe,2023,61.4
Fyresdal,15-74 år,Menn,"Europa utenom EU/EFTA og Storbritannia, Afrika, Asia, Amerika utenom USA og Canada, Oseania utenom Australia og NZ, polare områder",Sysselsatte i prosent av personer i alt i hver gruppe,2022,
Fyresdal,15-74 år,Menn,"Europa utenom EU/EFTA og Storbritannia, Afrika, Asia, Amerika utenom USA og Canada, Oseania utenom Australia og NZ, polare områder",Sysselsatte i prosent av personer i alt i hver gruppe,2023,
Tokke,15-74 år,Begge kjønn,Hele befolkningen,Sysselsatte i prosent av personer i alt i hver gruppe,2022,68.5
Tokke,15-74 år,Begge kjønn,Hele befolkningen,Sysselsatte i prosent av personer i alt i hver gruppe,2023,68.3
Tokke,15-74 år,Begge kjønn,Befolkningen eksklusive innvandrere,Sysselsatte i prosent av personer i alt i hver gruppe,2022,69.6
Tokke,15-74 år,Begge kjønn,Befolkningen eksklusive innvandrere,Sysselsatte i prosent av personer i alt i hver gruppe,2023,69.8
Tokke,15-74 år,Begge kjønn,Alle innvandrere,Sysselsatte i prosent av personer i alt i hver gruppe,2022,60.7
Tokke,15-74 år,Begge kjønn,Alle innvandrere,Sysselsatte i prosent av personer i alt i hver gruppe,2023,57.3
Tokke,15-74 år,Begge kjønn,"Norden utenom Norge, EU/EFTA,  Storbritannia, USA, Canada, Australia, New Zealand",Sysselsatte i prosent av personer i alt i hver gruppe,2022,64.3
Tokke,15-74 år,Begge kjønn,"Norden utenom Norge, EU/EFTA,  Storbritannia, USA, Canada, Australia, New Zealand",Sysselsatte i prosent av personer i alt i hver gruppe,2023,63.4
Tokke,15-74 år,Begge kjønn,"Europa utenom EU/EFTA og Storbritannia, Afrika, Asia, Amerika utenom USA og Canada, Oseania utenom Australia og NZ, polare områder",Sysselsatte i prosent av personer i alt i hver gruppe,2022,55.3
Tokke,15-74 år,Begge kjønn,"Europa utenom EU/EFTA og Storbritannia, Afrika, Asia, Amerika utenom USA og Canada, Oseania utenom Australia og NZ, polare områder",Sysselsatte i prosent av personer i alt i hver gruppe,2023,50.0
Tokke,15-74 år,Kvinner,Hele befolkningen,Sysselsatte i prosent av personer i alt i hver gruppe,2022,65.2
Tokke,15-74 år,Kvinner,Hele befolkningen,Sysselsatte i prosent av personer i alt i hver gruppe,2023,66.0
Tokke,15-74 år,Kvinner,Befolkningen eksklusive innvandrere,Sysselsatte i prosent av personer i alt i hver gruppe,2022,67.1
Tokke,15-74 år,Kvinner,Befolkningen eksklusive innvandrere,Sysselsatte i prosent av personer i alt i hver gruppe,2023,67.9
Tokke,15-74 år,Kvinner,Alle innvandrere,Sysselsatte i prosent av personer i alt i hver gruppe,2022,52.9
Tokke,15-74 år,Kvinner,Alle innvandrere,Sysselsatte i prosent av personer i alt i hver gruppe,2023,54.8
Tokke,15-74 år,Kvinner,"Norden utenom Norge, EU/EFTA,  Storbritannia, USA, Canada, Australia, New Zealand",Sysselsatte i prosent av personer i alt i hver gruppe,2022,60.4
Tokke,15-74 år,Kvinner,"Norden utenom Norge, EU/EFTA,  Storbritannia, USA, Canada, Australia, New Zealand",Sysselsatte i prosent av personer i alt i hver gruppe,2023,63.6
Tokke,15-74 år,Kvinner,"Europa utenom EU/EFTA og Storbritannia, Afrika, Asia, Amerika utenom USA og Canada, Oseania utenom Australia og NZ, polare områder",Sysselsatte i prosent av personer i alt i hver gruppe,2022,44.9
Tokke,15-74 år,Kvinner,"Europa utenom EU/EFTA og Storbritannia, Afrika, Asia, Amerika utenom USA og Canada, Oseania utenom Australia og NZ, polare områder",Sysselsatte i prosent av personer i alt i hver gruppe,2023,46.7
Tokke,15-74 år,Menn,Hele befolkningen,Sysselsatte i prosent av personer i alt i hver gruppe,2022,71.5
Tokke,15-74 år,Menn,Hele befolkningen,Sysselsatte i prosent av personer i alt i hver gruppe,2023,70.4
Tokke,15-74 år,Menn,Befolkningen eksklusive innvandrere,Sysselsatte i prosent av personer i alt i hver gruppe,2022,71.7
Tokke,15-74 år,Menn,Befolkningen eksklusive innvandrere,Sysselsatte i prosent av personer i alt i hver gruppe,2023,71.6
Tokke,15-74 år,Menn,Alle innvandrere,Sysselsatte i prosent av personer i alt i hver gruppe,2022,69.7
Tokke,15-74 år,Menn,Alle innvandrere,Sysselsatte i prosent av personer i alt i hver gruppe,2023,60.4
Tokke,15-74 år,Menn,"Norden utenom Norge, EU/EFTA,  Storbritannia, USA, Canada, Australia, New Zealand",Sysselsatte i prosent av personer i alt i hver gruppe,2022,67.7
Tokke,15-74 år,Menn,"Norden utenom Norge, EU/EFTA,  Storbritannia, USA, Canada, Australia, New Zealand",Sysselsatte i prosent av personer i alt i hver gruppe,2023,63.2
Tokke,15-74 år,Menn,"Europa utenom EU/EFTA og Storbritannia, Afrika, Asia, Amerika utenom USA og Canada, Oseania utenom Australia og NZ, polare områder",Sysselsatte i prosent av personer i alt i hver gruppe,2022,74.1
Tokke,15-74 år,Menn,"Europa utenom EU/EFTA og Storbritannia, Afrika, Asia, Amerika utenom USA og Canada, Oseania utenom Australia og NZ, polare områder",Sysselsatte i prosent av personer i alt i hver gruppe,2023,55.9
Vinje,15-74 år,Begge kjønn,Hele befolkningen,Sysselsatte i prosent av personer i alt i hver gruppe,2022,72.9
Vinje,15-74 år,Begge kjønn,Hele befolkningen,Sysselsatte i prosent av personer i alt i hver gruppe,2023,72.2
Vinje,15-74 år,Begge kjønn,Befolkningen eksklusive innvandrere,Sysselsatte i prosent av personer i alt i hver gruppe,2022,74.3
Vinje,15-74 år,Begge kjønn,Befolkningen eksklusive innvandrere,Sysselsatte i prosent av personer i alt i hver gruppe,2023,74.7
Vinje,15-74 år,Begge kjønn,Alle innvandrere,Sysselsatte i prosent av personer i alt i hver gruppe,2022,63.8
Vinje,15-74 år,Begge kjønn,Alle innvandrere,Sysselsatte i prosent av personer i alt i hver gruppe,2023,56.8
Vinje,15-74 år,Begge kjønn,"Norden utenom Norge, EU/EFTA,  Storbritannia, USA, Canada, Australia, New Zealand",Sysselsatte i prosent av personer i alt i hver gruppe,2022,65.8
Vinje,15-74 år,Begge kjønn,"Norden utenom Norge, EU/EFTA,  Storbritannia, USA, Canada, Australia, New Zealand",Sysselsatte i prosent av personer i alt i hver gruppe,2023,59.6
Vinje,15-74 år,Begge kjønn,"Europa utenom EU/EFTA og Storbritannia, Afrika, Asia, Amerika utenom USA og Canada, Oseania utenom Australia og NZ, polare områder",Sysselsatte i prosent av personer i alt i hver gruppe,2022,61.7
Vinje,15-74 år,Begge kjønn,"Europa utenom EU/EFTA og Storbritannia, Afrika, Asia, Amerika utenom USA og Canada, Oseania utenom Australia og NZ, polare områder",Sysselsatte i prosent av personer i alt i hver gruppe,2023,54.5
Vinje,15-74 år,Kvinner,Hele befolkningen,Sysselsatte i prosent av personer i alt i hver gruppe,2022,70.1
Vinje,15-74 år,Kvinner,Hele befolkningen,Sysselsatte i prosent av personer i alt i hver gruppe,2023,70.7
Vinje,15-74 år,Kvinner,Befolkningen eksklusive innvandrere,Sysselsatte i prosent av personer i alt i hver gruppe,2022,71.1
Vinje,15-74 år,Kvinner,Befolkningen eksklusive innvandrere,Sysselsatte i prosent av personer i alt i hver gruppe,2023,72.6
Vinje,15-74 år,Kvinner,Alle innvandrere,Sysselsatte i prosent av personer i alt i hver gruppe,2022,63.2
Vinje,15-74 år,Kvinner,Alle innvandrere,Sysselsatte i prosent av personer i alt i hver gruppe,2023,59.2
Vinje,15-74 år,Kvinner,"Norden utenom Norge, EU/EFTA,  Storbritannia, USA, Canada, Australia, New Zealand",Sysselsatte i prosent av personer i alt i hver gruppe,2022,67.1
Vinje,15-74 år,Kvinner,"Norden utenom Norge, EU/EFTA,  Storbritannia, USA, Canada, Australia, New Zealand",Sysselsatte i prosent av personer i alt i hver gruppe,2023,68.4
Vinje,15-74 år,Kvinner,"Europa utenom EU/EFTA og Storbritannia, Afrika, Asia, Amerika utenom USA og Canada, Oseania utenom Australia og NZ, polare områder",Sysselsatte i prosent av personer i alt i hver gruppe,2022,60.0
Vinje,15-74 år,Kvinner,"Europa utenom EU/EFTA og Storbritannia, Afrika, Asia, Amerika utenom USA og Canada, Oseania utenom Australia og NZ, polare områder",Sysselsatte i prosent av personer i alt i hver gruppe,2023,53.0
Vinje,15-74 år,Menn,Hele befolkningen,Sysselsatte i prosent av personer i alt i hver gruppe,2022,75.7
Vinje,15-74 år,Menn,Hele befolkningen,Sysselsatte i prosent av personer i alt i hver gruppe,2023,73.6
Vinje,15-74 år,Menn,Befolkningen eksklusive innvandrere,Sysselsatte i prosent av personer i alt i hver gruppe,2022,77.4
Vinje,15-74 år,Menn,Befolkningen eksklusive innvandrere,Sysselsatte i prosent av personer i alt i hver gruppe,2023,76.7
Vinje,15-74 år,Menn,Alle innvandrere,Sysselsatte i prosent av personer i alt i hver gruppe,2022,64.4
Vinje,15-74 år,Menn,Alle innvandrere,Sysselsatte i prosent av personer i alt i hver gruppe,2023,54.6
Vinje,15-74 år,Menn,"Norden utenom Norge, EU/EFTA,  Storbritannia, USA, Canada, Australia, New Zealand",Sysselsatte i prosent av personer i alt i hver gruppe,2022,64.9
Vinje,15-74 år,Menn,"Norden utenom Norge, EU/EFTA,  Storbritannia, USA, Canada, Australia, New Zealand",Sysselsatte i prosent av personer i alt i hver gruppe,2023,53.3
Vinje,15-74 år,Menn,"Europa utenom EU/EFTA og Storbritannia, Afrika, Asia, Amerika utenom USA og Canada, Oseania utenom Australia og NZ, polare områder",Sysselsatte i prosent av personer i alt i hver gruppe,2022,63.8
Vinje,15-74 år,Menn,"Europa utenom EU/EFTA og Storbritannia, Afrika, Asia, Amerika utenom USA og Canada, Oseania utenom Australia og NZ, polare områder",Sysselsatte i prosent av personer i alt i hver gruppe,2023,56.1
